chico,corpus
alma,raw_ROS
amparol,raw_ROS
angelinap,raw_ROS
bautista,segunda-vuelta/random
bautistad,segunda-vuelta/random
biancak,raw_ROS_HV
brandona,segunda-vuelta/highVol
camilob,segunda-vuelta/random
camilop,raw_ROS_HV
dantec,raw_ROS
dantep,raw_ROS_HV
dianag,raw_ROS_HV
florl,segunda-vuelta/random
francescam,raw_ROS_HV
franciscop,raw_ROS_HV
gaell,raw_ROS
jeremiasc,segunda-vuelta/highVol
julietap,raw_ROS_HV
lisandroh,raw_ROS
lucasyoelp,raw_ROS_HV
lucior,raw_ROS
manuelc,raw_ROS
readme,raw_ROS
readme,raw_ROS_HV
ummaq,raw_ROS
valentina,segunda-vuelta/highVol
valentinos,raw_ROS
verag,raw_ROS_HV
